InsuranceID,ExpirationDate,PhoneNumber,InsuranceType
PDCAXEB4TJ,10-04-2031,196-433-4022,Personal injury protection
KFBOITD1Q9,17-11-2029,329-716-1849,Medical payments coverage
Y9QAY3EP8W,15-10-2029,900-666-3205,Medical payments coverage
1T5D3D7FM0,14-09-2029,164-530-8480,Medical payments coverage
3QLZ75FI4N,20-12-2029,575-750-5183,Uninsured and underinsured motorist coverage
JQ9SO1C456,04-07-2030,370-683-2747,Collision coverage
V3KK68MS1P,21-08-2029,484-202-5304,Uninsured and underinsured motorist coverage
7NYWA4XIZT,23-07-2030,783-777-4812,Personal injury protection
XRNZX6AW4I,04-08-2030,981-623-9150,Comprehensive coverage
O1ZVH8BAOG,16-03-2030,334-476-2394,Comprehensive coverage
6WOIEE25RO,15-12-2029,547-169-5373,Medical payments coverage
HIK6YD8L58,07-08-2030,410-353-4153,Uninsured and underinsured motorist coverage
SVABSL1BUT,10-03-2031,886-975-0387,Uninsured and underinsured motorist coverage
40T5I3XX34,18-03-2031,644-167-0956,Liability coverage
EY9403E5DE,09-01-2031,899-150-5772,Personal injury protection
VB0H8HQY9H,18-04-2031,854-605-6197,Personal injury protection
DE83OCPKRI,17-03-2030,538-740-8656,Comprehensive coverage
U67RLI06SB,21-06-2030,502-601-8702,Medical payments coverage
3USXGBN0VY,13-12-2029,230-179-1107,Medical payments coverage
22NOM09K11,18-06-2029,596-521-3206,Liability coverage
H3UB8X02FS,31-05-2030,134-759-7471,Uninsured and underinsured motorist coverage
6ZM3GVQ02F,16-03-2030,930-444-4510,Medical payments coverage
E915TIKVT9,06-02-2030,310-854-2390,Comprehensive coverage
FAWDS11946,04-09-2030,749-690-3877,Personal injury protection
QRFOZE4TXX,19-07-2029,811-239-3549,Collision coverage
GNY85H4WL0,09-02-2030,779-759-6988,Liability coverage
MWZY97XD39,09-06-2031,988-510-9300,Comprehensive coverage
52GAZADDZK,26-04-2030,499-388-7896,Uninsured and underinsured motorist coverage
QS2JAJ9E8V,23-12-2029,612-584-6098,Collision coverage
L4X5YKIU7S,25-11-2029,212-579-3777,Personal injury protection
GMPC8TZZNF,29-07-2030,953-111-8309,Collision coverage
ZVR8OEHM6N,02-02-2031,551-994-1731,Liability coverage
MTOXX5O7A9,12-03-2030,755-216-1230,Personal injury protection
302IYFS44R,22-05-2031,452-877-7802,Comprehensive coverage
MANN9A3B48,11-10-2029,949-147-9722,Comprehensive coverage
VUSWSDO1FX,13-09-2030,660-221-1630,Personal injury protection
291QPF3CJ8,20-06-2030,379-889-1889,Medical payments coverage
ZI4IPFDL0F,29-07-2030,907-771-4198,Collision coverage
W96YZAZTH0,17-01-2031,912-305-3314,Uninsured and underinsured motorist coverage
0L3R3A4MUS,16-03-2030,351-162-5005,Personal injury protection
LJ6MHHNU0P,30-12-2029,412-861-3644,Comprehensive coverage
07940Z98UO,18-01-2030,206-695-1794,Medical payments coverage
8DLPPQFS7Q,10-07-2029,607-154-8354,Collision coverage
IK0T2RZBMB,27-04-2030,883-704-6377,Collision coverage
OZCVW2TRX4,27-01-2030,463-296-7181,Collision coverage
GDTGLG0P1O,25-06-2030,331-115-2388,Collision coverage
07L68QD5Z3,08-12-2030,264-166-6037,Comprehensive coverage
B5NIEOV4PN,13-08-2029,914-362-7968,Liability coverage
WRW01XCF1K,19-03-2031,484-660-9254,Liability coverage
LUT9896QFN,25-02-2030,851-672-6698,Uninsured and underinsured motorist coverage
6F923B4FTN,23-03-2031,184-848-3033,Comprehensive coverage
32IEAZDE84,19-03-2030,277-865-6434,Collision coverage
NJTAEQGIDZ,29-07-2029,915-157-7762,Comprehensive coverage
6NFIX45NTK,27-03-2030,443-927-6870,Medical payments coverage
137AACGR2Y,06-08-2029,311-660-2919,Medical payments coverage
0E74JZI1GF,04-12-2029,215-832-8428,Personal injury protection
U7WIQUC3FO,03-12-2030,811-261-8837,Uninsured and underinsured motorist coverage
T0DZWGQ11L,28-06-2029,595-501-4139,Uninsured and underinsured motorist coverage
YU9TF61T4B,19-05-2030,861-143-2311,Liability coverage
INF0DW7PG9,07-06-2030,276-436-7613,Collision coverage
YBZHJR1RJ8,09-09-2029,713-523-8330,Medical payments coverage
0JJ9YEED0E,30-09-2030,554-103-5560,Collision coverage
MDN3DHSM1U,24-05-2031,420-872-6926,Medical payments coverage
WS07HLUIL9,07-12-2029,274-177-6096,Uninsured and underinsured motorist coverage
L6W7BJSU5F,24-07-2029,570-330-9847,Personal injury protection
M53953A80Z,11-02-2030,708-857-8701,Liability coverage
YJML6EMOIZ,23-03-2031,433-716-0845,Collision coverage
WEQZ1TJGZX,02-09-2029,541-585-3566,Medical payments coverage
RT1RVF29H2,05-05-2031,495-316-7157,Liability coverage
75ML8R8G04,04-09-2029,914-113-5106,Liability coverage
TO8DW14X3L,13-01-2031,404-289-1139,Medical payments coverage
V0H19H82VL,21-02-2031,250-830-0644,Liability coverage
7L2VSROFCL,23-11-2030,264-375-5627,Comprehensive coverage
9VZZ0UJDC1,20-12-2029,761-271-2173,Comprehensive coverage
BEN0RV7TH3,27-09-2029,806-241-7001,Medical payments coverage
1U7I0Z9724,14-07-2030,777-859-8342,Personal injury protection
WO8S0IK68L,11-07-2029,607-175-1350,Uninsured and underinsured motorist coverage
NLY1B6FY22,20-03-2031,518-193-7635,Comprehensive coverage
CJEELTOX9G,29-12-2029,953-643-4825,Collision coverage
6USOQXGWE1,17-05-2031,921-626-2887,Comprehensive coverage
FLUV1OG2QK,31-03-2030,329-648-3458,Uninsured and underinsured motorist coverage
PTZDAM1PRY,03-09-2030,297-134-8738,Uninsured and underinsured motorist coverage
KF99X21LWE,06-09-2030,859-996-1882,Personal injury protection
AAOEUQ521F,18-10-2030,999-415-9942,Medical payments coverage
NSZTXTGTJF,18-12-2029,583-822-1237,Comprehensive coverage
8DKP80P9AA,05-03-2030,965-244-3552,Liability coverage
2XALW8MR74,17-10-2030,610-467-4959,Uninsured and underinsured motorist coverage
HH3OQ3T194,28-08-2029,135-417-5979,Collision coverage
R899POMPK8,05-02-2031,181-330-7408,Collision coverage
F62H817IE5,12-01-2030,583-288-7654,Personal injury protection
0D9CPCDMBA,08-10-2029,537-933-7367,Liability coverage
TNJ737K04J,08-07-2029,815-646-8026,Comprehensive coverage
VOYIP15ZPH,08-03-2030,780-460-7443,Collision coverage
NJP933YC26,18-01-2031,696-351-4370,Comprehensive coverage
MKUYHOFW1E,22-02-2030,201-213-1298,Collision coverage
AZDQ2BJE40,18-11-2030,462-782-3493,Comprehensive coverage
Q8U154T290,25-06-2030,182-592-6220,Collision coverage
HH0MWXMLBY,27-07-2030,516-874-6844,Comprehensive coverage
XQVQ6G8Y6A,01-03-2031,511-231-9756,Uninsured and underinsured motorist coverage
6I6ZOB7OOI,30-07-2029,209-857-7470,Uninsured and underinsured motorist coverage
9T8O9EJGD6,29-01-2030,273-546-5132,Medical payments coverage
0WBNXU6UPB,31-07-2030,804-574-8949,Liability coverage
M7EOA8382G,16-12-2029,925-546-4799,Liability coverage
BT8TDRNQG4,18-09-2029,605-172-6420,Medical payments coverage
H6JO56U22F,07-06-2030,189-850-4151,Medical payments coverage
N9RS7L7AC9,25-06-2029,237-839-1064,Medical payments coverage
BOZ6SRNVTL,03-10-2029,817-726-4187,Medical payments coverage
93JITOV1AO,10-09-2030,997-909-2557,Medical payments coverage
E7IUQ8KYAK,13-03-2031,505-353-3838,Personal injury protection
9GPL2W6AVD,29-01-2030,515-212-7865,Medical payments coverage
BKS0ZEQ0MK,26-11-2030,961-577-1705,Comprehensive coverage
ZFYJ997V01,31-01-2030,407-815-8419,Liability coverage
V6N85JQ7TE,15-03-2031,345-850-7611,Comprehensive coverage
MYA67K7XWX,12-01-2030,907-110-2951,Uninsured and underinsured motorist coverage
KTFDX9P86A,17-11-2030,514-425-6926,Comprehensive coverage
F4YSWXVQ9F,08-05-2031,983-295-5610,Uninsured and underinsured motorist coverage
VT73DKA6V7,24-06-2030,508-763-4967,Liability coverage
UY0OZM4JJE,10-06-2030,479-380-9714,Medical payments coverage
PA26ZJHPQL,14-07-2029,525-484-8859,Personal injury protection
J4G66OBN3M,17-09-2029,295-307-6755,Collision coverage
O05FWBI5GW,21-01-2030,398-759-3709,Collision coverage
MIGNVQ3NX7,01-11-2029,410-783-6529,Personal injury protection
4W56SEGU3C,27-12-2029,763-206-2073,Medical payments coverage
WW3H86EMFN,09-05-2031,560-557-3779,Uninsured and underinsured motorist coverage
AMHE80TV10,29-11-2030,701-177-6739,Collision coverage
9XIBQFJ90I,23-12-2029,626-491-4364,Uninsured and underinsured motorist coverage
A959IN1I9S,28-03-2030,932-855-6795,Personal injury protection
R0CAEWKS51,02-01-2031,424-121-9285,Collision coverage
IWE6M68UXQ,10-01-2031,706-662-5916,Uninsured and underinsured motorist coverage
91KGF00VB8,20-05-2031,605-193-3416,Uninsured and underinsured motorist coverage
LU8U6JANX4,25-12-2030,744-842-0427,Liability coverage
GGNM8ZQRWG,06-11-2030,803-220-8140,Personal injury protection
224832G269,11-10-2030,733-662-7345,Medical payments coverage
5PALWBG93T,07-02-2031,307-274-6498,Liability coverage
4R4QE9EDYA,08-11-2029,377-879-8986,Uninsured and underinsured motorist coverage
BXNCQZAXSF,01-03-2031,969-622-9713,Uninsured and underinsured motorist coverage
GZNT6AYUG6,24-04-2030,508-316-8891,Uninsured and underinsured motorist coverage
10N7ZAO89D,31-01-2030,130-547-5265,Comprehensive coverage
M1WZMIURYT,30-12-2029,482-866-8840,Uninsured and underinsured motorist coverage
01SPBJWG3P,08-04-2030,407-502-3214,Personal injury protection
OT0778NSD3,04-06-2030,839-751-6533,Liability coverage
S8XW17LNU6,01-08-2029,348-182-9387,Liability coverage
5NACMZ6E4S,22-04-2031,798-510-0623,Personal injury protection
Z1D9MXTL70,06-09-2029,143-200-9240,Comprehensive coverage
A7U0XQTZ3K,09-12-2030,477-652-1950,Personal injury protection
X4SIR4ZLTE,21-05-2031,789-195-8847,Medical payments coverage
WGULW3SQ5W,27-05-2031,956-918-1606,Uninsured and underinsured motorist coverage
M6R4IPW0D4,12-02-2031,467-601-9627,Comprehensive coverage
FHJLNN3RVN,20-12-2030,160-720-0870,Comprehensive coverage
9X6ALLASY1,22-10-2030,682-161-0831,Liability coverage
N6RMV7AV3P,05-01-2030,901-742-2774,Personal injury protection
J7C8T4Y7T4,19-09-2029,212-128-5597,Collision coverage
L965G2982O,09-04-2031,933-480-0249,Liability coverage
7M0KGBBYBV,18-07-2030,314-812-6704,Liability coverage
Y1WBFO0Y9I,24-11-2029,377-417-8322,Medical payments coverage
VJ01VMHOI8,21-12-2029,947-438-7819,Collision coverage
EN0DS7UZ1F,02-06-2031,664-225-7031,Collision coverage
A0ONJ5SFVJ,17-07-2030,527-295-3856,Uninsured and underinsured motorist coverage
9W4NR1EO7B,13-04-2031,508-547-6411,Medical payments coverage
1LN7XPE3VK,11-02-2030,959-627-3071,Liability coverage
22F1XPIGQW,05-03-2030,748-467-1515,Collision coverage
IBS852H1R8,11-02-2031,263-811-7121,Medical payments coverage
0T279RP340,29-06-2029,289-976-8466,Uninsured and underinsured motorist coverage
ZEDJ2I7JOX,02-02-2030,466-399-6515,Collision coverage
6AIUGT046B,09-06-2030,293-925-8413,Medical payments coverage
4VUSIJ8HH5,22-12-2029,201-991-6343,Collision coverage
0B17158TVV,24-01-2030,211-396-0146,Liability coverage
RAQH10T88D,10-05-2031,920-197-6524,Uninsured and underinsured motorist coverage
33M9GLRSO7,18-10-2030,288-124-9579,Uninsured and underinsured motorist coverage
H68HRJGG7Y,23-09-2030,237-516-7950,Uninsured and underinsured motorist coverage
2KCII5AFH3,01-07-2029,297-609-0665,Personal injury protection
WQY360D0B1,13-06-2030,694-242-2617,Collision coverage
MH5FBU63NY,07-04-2030,672-796-8299,Collision coverage
F9E31VECVG,18-01-2031,877-951-9596,Liability coverage
1HB608R0EC,20-06-2029,612-912-4698,Comprehensive coverage
R37WNIEHRS,27-05-2030,251-769-7619,Comprehensive coverage
6V1RV5IES5,11-08-2029,580-842-7118,Liability coverage
8QSV27MQAT,18-10-2030,509-754-2188,Uninsured and underinsured motorist coverage
4CQCRPJUIS,22-05-2031,686-148-9243,Collision coverage
NHIK6EMM8S,03-06-2031,619-972-6222,Medical payments coverage
E1JAVVZO41,01-07-2029,341-826-8508,Medical payments coverage
C1R95W4AGA,07-01-2030,659-656-1764,Medical payments coverage
NGUCUSTW8H,18-08-2030,186-428-6755,Uninsured and underinsured motorist coverage
5NTZGCBLVT,30-08-2030,885-505-8650,Personal injury protection
OSUFPT3CH4,22-02-2030,467-784-1332,Medical payments coverage
587S847K3O,29-07-2030,253-401-8527,Liability coverage
MOCVX6DU6X,07-04-2031,478-697-3199,Personal injury protection
FN7OLXNJIU,28-11-2030,658-418-0654,Medical payments coverage
S915P31UO4,15-11-2030,394-241-1286,Personal injury protection
Y559J6DFYN,27-02-2030,644-810-7796,Medical payments coverage
ARZ0TEYW2Y,23-06-2030,405-961-8733,Medical payments coverage
TSL9ZNEEEZ,14-03-2031,318-373-3608,Uninsured and underinsured motorist coverage
MHQ0ORU9DU,15-10-2030,405-114-9446,Collision coverage
NZEN2AGMBT,09-03-2030,285-166-2029,Comprehensive coverage
XDCIE28N5O,11-06-2030,938-693-5607,Collision coverage
4BFJ61KOQU,05-11-2030,570-680-4811,Medical payments coverage
X8R3K93S17,13-10-2030,432-133-4900,Medical payments coverage
