SSN,FirstName,LastName,HouseNo,StreetName,City,State,ZipCode,InsuranceID,VehicleID
708-70-9093,Lamar,Nielsen,31,Westend,Lowell,MA,98685,PDCAXEB4TJ,LYCULCMQJAPVQSG3
751-36-2093,Bevis,Mercado,17,8th,Fort Smith,AR,83113,KFBOITD1Q9,FX51VJJK6KRQJFRK
648-09-1136,Nigel,Singleton,33,Vera,Iowa City,IA,24256,Y9QAY3EP8W,XOWMVDLE08E4F229
507-44-8895,Faith,Contreras,62,Bunker Hill,Madison,WI,39275,1T5D3D7FM0,9PXU9KI2QCHUHX6B
260-86-9283,Fatima,Stuart,91608,Shasta,Biloxi,MS,86427,3QLZ75FI4N,TVA0RTDFGCIPAOF1
742-95-5441,Preston,Pierce,13,Oriole,Springfield,MO,71749,JQ9SO1C456,7S8X0TXFH7SS33I0
718-58-8853,Ariel,Frye,93761,Judy,Olympia,WA,98340,V3KK68MS1P,796KJ7RO21RF0B2D
730-16-0302,Uta,Mcdaniel,137,Carioca,Gaithersburg,MD,35238,7NYWA4XIZT,GMDNKDNR437QFLFB
849-08-2631,Duncan,Coffey,4,Spaight,Minneapolis,MN,45847,XRNZX6AW4I,42PK9OH28ZGWD9YQ
804-47-0437,Odysseus,Marshall,7066,Morningstar,Kansas City,MO,15327,O1ZVH8BAOG,Z2WXMGCKZVN5WA6F
850-57-2134,Benjamin,Rosario,54,Manley,Grand Island,NE,46133,6WOIEE25RO,V1LHYJA2AX1HQVNT
558-71-4568,Garrison,Gallegos,652,Sundown,Virginia Beach,VA,24750,HIK6YD8L58,VVH09502TIWX9U1A
286-15-8767,Ariana,Boyd,6247,Carey,Detroit,MI,36546,SVABSL1BUT,5XZZKWA7G8PCXFLI
556-47-1190,Ethan,Walton,5,Cascade,Waterbury,CT,97225,40T5I3XX34,PL6TCW074UXBAWAS
765-52-2647,Whitney,Christian,5,Hazelcrest,Tallahassee,FL,66445,EY9403E5DE,NRRKJ6ACX8E4RX8V
435-90-2115,Duncan,Gonzales,93,Warbler,Jonesboro,AR,60468,VB0H8HQY9H,7LYKNA6IJ0AA40N3
818-87-8023,Miriam,Glass,37,Stone Corner,Omaha,NE,59266,DE83OCPKRI,4IQ9JSBC3QC4G9BW
704-97-1250,Signe,Larson,9975,Russell,Overland Park,KS,19874,U67RLI06SB,P0Q73K2I8P4HZ4GG
853-59-9424,Lenore,Livingston,82688,Hoffman,Omaha,NE,42541,3USXGBN0VY,2MG381D11SSWTPH4
704-30-1762,Lunea,Monroe,173,Moland,Grand Rapids,MI,17616,22NOM09K11,4H699HN85M6P4KAI
460-60-7762,Andrew,Nielsen,15987,Lawn,Virginia Beach,VA,34512,H3UB8X02FS,O5S7548AOZDQXR39
201-68-6663,Freya,Morse,848,Washington,Naperville,IL,51604,6ZM3GVQ02F,XQ6IM6SGYAF1L5O8
346-48-0277,Jordan,Turner,67063,Hoffman,Sterling Heights,MI,85177,E915TIKVT9,S0CG6084LDCOFQRP
421-87-0403,Tara,Compton,2,Marcy,Metairie,LA,85473,FAWDS11946,TVYM8F5E17YYQXM2
311-94-3004,Sybil,Craig,584,Tennyson,Bloomington,MN,98176,QRFOZE4TXX,9QFPNVLH4B2538WS
694-09-0410,Russell,Rutledge,595,Randy,Norman,OK,61967,GNY85H4WL0,E95B1PK35X81GV3P
782-03-0779,Nina,Keller,840,Menomonie,Racine,WI,64857,MWZY97XD39,B9YCVIDHGITZ2SE6
362-14-5605,Janna,O'connor,42021,Northfield,Colchester,HI,55338,52GAZADDZK,8YA8ENZBP2OYUOT0
761-14-3102,Sean,Olson,58818,Oakridge,Jonesboro,AR,96384,QS2JAJ9E8V,XWBXM6P123H70YEI
888-21-5513,Xandra,Stanley,3969,Stang,Overland Park,KS,38446,L4X5YKIU7S,2CT9SYBA6BE24K0F
720-98-5351,Amos,Mckay,349,Canary,Gaithersburg,MD,26284,GMPC8TZZNF,H1F0Z7JST1WXJOGY
643-94-0728,Charissa,Oneil,8481,Forest,Kaneohe,MD,54191,ZVR8OEHM6N,2GO4876UERHVTXDP
158-95-5245,Ronan,Rivers,49,Kim,Laramie,WY,92343,MTOXX5O7A9,BCW6OT9YW849TYCF
871-54-1932,Cole,Goff,3361,Reindahl,Dallas,TX,57611,302IYFS44R,098IOJ2X3148BE21
739-96-6235,Marny,Berger,105,Eggendart,Montpelier,VT,73203,MANN9A3B48,GCJQL5C88SD52TCY
710-95-7442,Cecilia,Romero,32,Surrey,Cleveland,OH,21865,VUSWSDO1FX,IKJRAN2FFAL5KQX1
560-59-2556,Xavier,Russo,2,Dakota,Springfield,MO,91156,291QPF3CJ8,5L46ZN9CK0KK4NFT
175-22-8284,Gray,Small,1,Bellgrove,Shreveport,LA,88946,ZI4IPFDL0F,S2WK0FTVL7BFW73J
895-99-9298,Fuller,Reeves,29647,Canary,Kansas City,MO,22798,W96YZAZTH0,3U1KL7YEM4AG6HNT
509-19-5659,Oscar,Fletcher,9871,Mockingbird,Toledo,VA,99665,0L3R3A4MUS,2M5X58BVMXIOIFA3
379-42-0721,Simon,Keith,9282,Springview,Pike Creek,DE,37722,LJ6MHHNU0P,PV6PN72OY7W1Z7TF
328-53-0971,Zelda,Downs,60717,Sutteridge,South Portland,ME,29187,07940Z98UO,YTB7FEJBQCPM5UYJ
164-05-6789,Meredith,Herrera,7603,Schlimgen,Phoenix,AZ,37353,8DLPPQFS7Q,CTO7HV91LICTAUWG
750-50-6538,Jackson,Buckley,21788,Glacier Hill,Shreveport,LA,89688,IK0T2RZBMB,ZRQY9HA750SKM0HT
288-27-3241,Rosalyn,Joyner,850,Stang,Olympia,WA,95331,OZCVW2TRX4,DERV6FO2FF9J1904
669-45-1138,Gemma,Patterson,145,Maryland,Baton Rouge,LA,28157,GDTGLG0P1O,IZX71R1R0MOLQKBW
840-59-7747,Edward,Nguyen,165,Cody,Iowa City,IA,36158,07L68QD5Z3,RN1M5QWUNXIK0US3
204-08-1651,Briar,Patel,28,Westport,Aurora,CO,25541,B5NIEOV4PN,QHCA3JA8VG5LCKCJ
529-64-0831,Clinton,Short,809,Anzinger,Harrisburg,PA,61475,WRW01XCF1K,6W7O7U9B2AKZKHHK
876-54-0999,Sawyer,Solomon,4865,Commercial,Rock Springs,WY,47862,LUT9896QFN,89QY0XK816J5DHN8
513-26-8779,Hilda,Colon,70,Pawling,Boston,MA,27765,6F923B4FTN,7GO0U24CE752Q0XV
458-65-4418,Thor,Holt,55,Continental,Phoenix,AZ,81366,32IEAZDE84,M4E5171WS6M5CJG5
265-63-5591,Deacon,Britt,73864,Dawn,Phoenix,AZ,81844,NJTAEQGIDZ,SLE8HQR36G91L94J
785-28-3036,Cheyenne,Wall,48,Columbus,Helena,MT,95348,6NFIX45NTK,653ERUIBPQEJLW2A
490-64-1572,Martin,Pratt,4,Armistice,Columbia,SC,58265,137AACGR2Y,0NZAKJR5L3VR696K
198-69-7155,Dolan,Lane,5,Manufacturers,Pittsburgh,PA,22220,0E74JZI1GF,KUV1QV6JTZMXO3AU
445-17-4396,Joelle,Watson,6448,Pawling,Gulfport,MS,69742,U7WIQUC3FO,8T0TB1K139FLRCWS
444-89-3133,Ivor,Short,2,Algoma,Rochester,NY,71527,T0DZWGQ11L,HTE5D8O0AH74CLSY
541-32-8275,Cain,Hess,449,Algoma,Baltimore,MD,80830,YU9TF61T4B,KL4SXLHS715J6GED
549-82-5881,Chester,Newman,1,Bluejay,Bozeman,MT,40881,INF0DW7PG9,R6LJSJ5T88H80LKJ
845-96-9071,Kibo,Fulton,7025,Bluestem,Jacksonville,,36777,YBZHJR1RJ8,ABSUZ05M1L4OPWC0
191-80-6092,Kiayada,Bishop,5825,Toban,Hilo,CT,62421,0JJ9YEED0E,FBJHCRLR8G8SVP9A
855-07-8604,Brittany,Cherry,1,Gateway,Fayetteville,KS,90284,MDN3DHSM1U,SAOEYCEG3EH7CNOC
848-03-2404,Jocelyn,Mays,88,Crest Line,Jonesboro,CT,71765,WS07HLUIL9,1QITF0810BFVI8VH
383-05-5258,Hiroko,Mccarthy,74977,Daystar,Memphis,NC,43387,L6W7BJSU5F,38K0JXLSKE0QCRW1
175-98-4997,Melodie,Gaines,498,Monica,Evansville,ID,18941,M53953A80Z,UY8WHPRTXYDMX9OH
372-47-4961,Leah,Gould,7690,Carpenter,Kenosha,NJ,59041,YJML6EMOIZ,E7O3MW586C2F669N
715-78-5242,Cara,Weber,12576,Elka,Kansas City,NV,71084,WEQZ1TJGZX,X2Z5LL91EYM397HS
444-56-3273,Drew,Sandoval,71,Quincy,Essex,MI,34672,RT1RVF29H2,65285EYCOG6AVPA3
520-84-7646,Coby,Rosales,764,Oak Valley,Kansas City,AK,66338,75ML8R8G04,NPMBK1K6SPDEFZZS
489-78-3872,Gloria,Humphrey,8989,Manitowish,Reno,IA,61589,TO8DW14X3L,C65F0KJS1F6NL4CY
617-31-7915,Cooper,Prince,780,Straubel,Reading,WY,13457,V0H19H82VL,M4BFB5SD9BV5PDI1
587-44-3122,Leandra,Ford,6134,Anzinger,Rock Springs,OH,30303,7L2VSROFCL,H3O1CEHI4N74B2F8
806-25-6121,Alexandra,Shields,68,Warrior,Bridgeport,WV,32132,9VZZ0UJDC1,IY8D07A084F86ER4
585-61-2947,Lacy,Stewart,6,Bay,Denver,MS,37787,BEN0RV7TH3,B2LYXKUYP32E3HC6
839-90-6855,Barry,Holloway,812,Monument,Jonesboro,MD,78953,1U7I0Z9724,WNLL4AJ80402PZAY
325-80-2271,Keane,Ashley,17,Petterle,Laramie,DE,47252,WO8S0IK68L,I5YF8ZCZVYGMC50X
612-73-7162,Dean,Forbes,3,Parkside,Paradise,GA,57353,NLY1B6FY22,7XGK1Y134JWHTZ6H
391-10-1836,Alexandra,Rivers,43841,Little Fleur,West Valley City,KY,62448,CJEELTOX9G,WU8DJL2HOGKUFA1B
846-27-4393,Breanna,Mills,8614,Prentice,Rockville,MD,51978,6USOQXGWE1,Z6POI3RI6AXQ7LL4
565-61-8671,Dora,Mcconnell,80081,Tennessee,Olympia,DC,54404,FLUV1OG2QK,7NDCDTK17AN3RYX1
808-78-6097,MacKenzie,Chambers,70730,Moulton,Oklahoma City,NH,24461,PTZDAM1PRY,AHFIFY84JT46Y709
854-52-0759,Ashton,Johns,47,Southridge,Newark,LA,35866,KF99X21LWE,QROF0H0AY7W7X46R
538-42-7200,Thor,Alexander,42,Stone Corner,Jacksonville,GA,29967,AAOEUQ521F,ITURH0LHW21ZZJ9U
847-93-1196,Rowan,O'Neill,4,Redwing,Davenport,KY,78184,NSZTXTGTJF,0V82QYZ8EIJ90BH5
201-40-2404,Channing,Scott,2,Mallory,Richmond,FL,74136,8DKP80P9AA,6D1LKA55VYPZQOWL
479-01-2800,Madonna,Hickman,8004,Forest,Montgomery,WA,28242,2XALW8MR74,JBKHECIXMOY0HH5P
174-17-7928,Dominic,O'brien,9,Oak,Pocatello,OK,98775,HH3OQ3T194,B1C4RXTG13X766P9
803-95-2398,Cadman,Gentry,4278,Pepper Wood,Laramie,AR,27253,R899POMPK8,S36CL5XO3O4LJDKG
471-49-3469,Branden,Frank,84,American,Henderson,AZ,46043,F62H817IE5,52060J7P82UO3EMK
192-58-8876,Yvette,Slater,9851,Shelley,Waterbury,MD,20128,0D9CPCDMBA,QCMF5WNQMNGTZOIJ
222-34-7639,Kaseem,Dickson,17,Fordem,Portland,IA,56181,TNJ737K04J,J2VZTV9GIZW2Q0W5
343-37-2188,Aaron,Doyle,9,Golf Course,Shreveport,VA,61864,VOYIP15ZPH,7J2FIZFIQ9E145JV
613-79-0973,Lila,Henry,3,Knutson,Lakewood,NH,36252,NJP933YC26,CHETFLTROINK5B0I
106-60-4736,Ralph,Carter,94596,Mariners Cove,Louisville,MT,71529,MKUYHOFW1E,44UEJ6MMU01F8FIQ
619-79-4817,Lucian,Berger,9591,Alpine,Fort Wayne,WV,86608,AZDQ2BJE40,O355TCQI04OO6KS1
454-91-3560,Quentin,Holden,383,Transport,Akron,MA,51683,Q8U154T290,YQIN08NUQUUEZDMA
882-17-5442,Chandler,Morton,9,Westerfield,Portland,KY,79284,HH0MWXMLBY,Y8BPWQQ8CL74FYTC
204-34-5573,Wayne,Monroe,8263,Pepper Wood,Oklahoma City,CT,51386,XQVQ6G8Y6A,IZ1RBS3R7QFI5Q7P
738-58-5447,Wylie,Bernard,6025,Union,Milwaukee,WI,44566,6I6ZOB7OOI,F6AO9NQM0HD83IGB
748-18-9435,Evangeline,Harrison,846,Corben,Mesa,SC,20031,9T8O9EJGD6,663JAYAUUJJ7NKRY
208-65-7234,Hunter,Juarez,542,Union,Broken Arrow,NH,51130,0WBNXU6UPB,YELMJQQXF1NZI6BJ
865-56-6898,Perry,Villarreal,5879,Bunting,Kansas City,MN,92245,M7EOA8382G,SXGU6BLZ1KK7E0PS
112-82-9561,Victor,Jones,779,Prairie Rose,Biloxi,DC,71293,BT8TDRNQG4,ZP7CQHKSF18R46AQ
457-28-9487,Wylie,Rich,545,Marcy,Columbus,OK,53993,H6JO56U22F,7Z0QD69CAY5UCWH1
275-79-2039,Shad,Tyson,9,Comanche,San Francisco,IN,37815,N9RS7L7AC9,Z072E77KFJDO1K4E
303-30-8060,Kevin,Wilkinson,46929,Sauthoff,Columbus,PA,16381,BOZ6SRNVTL,MUM4IS1F92U17QOU
782-48-7494,Brock,Mathis,77123,Anzinger,Omaha,WV,70471,93JITOV1AO,ZAIMI00O9MVC6BL1
181-08-1237,Tanisha,Shields,9448,Hoard,Springfield,RI,73048,E7IUQ8KYAK,QF6RFY7CUS6SA51H
426-92-2325,Merrill,Noble,86,Everett,Memphis,PA,97517,9GPL2W6AVD,V2X9XSJSN53QBWZC
785-01-0106,Jasper,Smith,2,Meadow Ridge,South Bend,WA,12366,BKS0ZEQ0MK,UF3D50T3DKXIH6WI
849-27-4197,Ann,Burks,17436,Old Gate,Kapolei,KY,73884,ZFYJ997V01,JK9LUJ5AKN8T5P8S
471-93-5518,Aurora,Perkins,314,Moulton,Springfield,CA,19648,V6N85JQ7TE,HGHCDI0TI44B6GX6
713-52-9128,Heidi,Powers,14,Scott,Lakewood,OK,24172,MYA67K7XWX,4WHFNHRYYDYF93P5
740-18-5756,Brenna,Holman,26,Summit,Boston,DE,89680,KTFDX9P86A,7V0XEAAXZV8QCYL0
742-05-7779,Raya,Wiley,6,Grim,Essex,IL,41022,F4YSWXVQ9F,7UVLF9TFGFF1KVCO
331-73-9444,Hedwig,Mason,76998,Petterle,Lewiston,VT,75674,VT73DKA6V7,92MJPXQ3BT9V6QPR
712-22-6362,Elizabeth,Spencer,50654,Sunnyside,Jackson,KY,21159,UY0OZM4JJE,1XLY2HFLDDBS7QYA
282-44-5148,Ginger,Lara,25,Kinsman,Montgomery,ME,47274,PA26ZJHPQL,FHDF91P52DKM5562
549-64-7348,Kiara,Livingston,4160,Dapin,Columbus,IN,70355,J4G66OBN3M,CWC38U8HXCMT5M2W
336-47-0592,Rama,Hyde,25783,6th,Casper,TN,67420,O05FWBI5GW,E9OI084IKMHF9352
656-39-9418,Caleb,Lang,628,Shelley,North Las Vegas,CO,61481,MIGNVQ3NX7,EPJ155GAULWZMD34
213-64-2851,Tanya,Ellison,9,Novick,Montgomery,TN,53116,4W56SEGU3C,K96LIS19JN2QBB55
219-59-0198,Ryder,Clements,286,Mallard,Nampa,TN,55450,WW3H86EMFN,0Y6S3CFWLD0PY20X
700-02-0773,Driscoll,Blackwell,25694,Linden,Nampa,SD,11731,AMHE80TV10,61T7I1QHA72KJ11A
441-25-3372,Nina,Page,218,Dayton,Colchester,AL,42315,9XIBQFJ90I,941ZPZ51Q6QRPE4P
550-68-7077,Christian,Day,25749,Blackbird,Pike Creek,WA,47221,A959IN1I9S,6NYK9KHTW5HA1BPO
349-04-0339,Briar,Reilly,1270,Service,Montgomery,IL,27429,R0CAEWKS51,7N2YBWZ7PHRJGR99
836-49-0976,Madeline,Zimmerman,564,Sloan,Evansville,WV,74933,IWE6M68UXQ,8Y3XGV7SYBGGMMDV
139-46-5135,Calvin,Glenn,9,Quincy,Colorado Springs,RI,14984,91KGF00VB8,A090VWYI17UF23RA
294-35-2337,Erich,Kline,46,Annamark,Glendale,KS,99647,LU8U6JANX4,Y74WL54C2P13OMSX
625-87-6979,Xander,Guerra,18,Independence,Butte,DE,38520,GGNM8ZQRWG,VLH1L6W5F8908XWC
145-52-2710,Abraham,Riggs,9499,Waubesa,Rochester,VT,71740,224832G269,PTZQK8QJLVW0Y13H
196-71-8300,Noel,Peters,62666,Rutledge,Sandy,KS,44594,5PALWBG93T,N048Y1KRJ978EDX3
369-82-3924,Hop,Hunter,7,School,Rutland,MA,67626,4R4QE9EDYA,VFIOY27CXBCL4SAK
618-10-1649,Geoffrey,Walls,322,Holmberg,Metairie,NE,88679,BXNCQZAXSF,OHEINYEIQFZ6Z9QI
526-06-4698,Karen,Wooten,819,Di Loreto,Tuscaloosa,SC,63740,GZNT6AYUG6,0HYF1KJ90H9S310E
792-42-2964,Cathleen,Potts,44,3rd,Mesa,ME,19155,10N7ZAO89D,M7KQ06P7KB145FHM
368-48-6147,Garrett,Clemons,370,Dottie,Toledo,LA,94178,M1WZMIURYT,V2J4HO8URV68BCFN
501-44-9414,Dora,Rice,4195,Fair Oaks,Southaven,MO,57848,01SPBJWG3P,SO1UC1HDQV9V4HKY
379-90-6406,Larissa,Rodriquez,7,Oakridge,Saint Louis,VT,75142,OT0778NSD3,KUFG6I30ZZ8A4PYF
255-81-7107,Mariam,Rodriquez,158,Lotheville,Chattanooga,WY,30118,S8XW17LNU6,42WMG7MPVYMLWQ2O
365-01-3046,Yetta,Flores,2354,Hanover,Waterbury,MT,17531,5NACMZ6E4S,WWDXEUY49R8X04BQ
464-49-6978,Remedios,Barnett,106,Kensington,Burlington,MD,59482,Z1D9MXTL70,49JFO84V1MWJA5EW
589-80-6637,Kenyon,Kirby,915,Toban,Wichita,AZ,30833,A7U0XQTZ3K,46W5EEOHY794EFNQ
203-48-5665,Carson,Cooke,9155,Birchwood,Provo,FL,33600,X4SIR4ZLTE,ITRK30IJ72NMROE3
367-37-8122,Brianna,Acevedo,21514,Ohio,Saint Louis,SC,92515,WGULW3SQ5W,W5DX6RY8QCMOKVLB
462-32-4236,Ora,Blackwell,73,Red Cloud,Knoxville,MO,99717,M6R4IPW0D4,3G4ZKMOXAVR4T3CT
709-23-1531,Upton,Carpenter,4,Magdeline,Norman,AK,52262,FHJLNN3RVN,UQ67P5HGDCXTW685
477-08-3180,Baxter,Taylor,8,Cottonwood,Jackson,VA,68286,9X6ALLASY1,2M4DSTT9ZF9Q5M79
762-12-2967,Brock,Mckay,79,Anthes,Portland,MN,23352,N6RMV7AV3P,9RWV9BMGLI6H5W92
616-30-2084,Sandra,Sullivan,835,Warbler,Kenosha,HI,48270,J7C8T4Y7T4,PPOW1EJKY69CA1E0
294-90-8171,Cooper,Lara,7,Union,Gillette,WY,71181,L965G2982O,4P6DIRIH50E846S4
379-10-1620,Jamalia,Lambert,9829,Sheridan,Hilo,OR,95083,7M0KGBBYBV,7KL9Z44DUVVB78K4
424-31-6907,Tamekah,Petersen,6351,Superior,Missoula,WY,36609,Y1WBFO0Y9I,F5K5L5HSJ7O6PUHP
796-02-9084,Eric,Mercado,352,Becker,Tallahassee,TX,65238,VJ01VMHOI8,NEMK2UNFU9YI9EC4
834-44-6551,Yael,Sexton,738,Northview,Hartford,MN,48872,EN0DS7UZ1F,6UXM2M2KA7BM8X59
360-41-1716,Steven,Hooper,55,Westerfield,Minneapolis,NJ,76376,A0ONJ5SFVJ,QMES761CO54S56Q6
853-36-9887,Rooney,Beck,41819,Parkside,Austin,MA,22782,9W4NR1EO7B,YC63CIX6IXFI5OTF
460-14-6645,Zachery,Cotton,9,Merchant,Rochester,MO,22446,1LN7XPE3VK,OUCC4N4KTVU8Y5L0
217-31-2591,Bree,Humphrey,279,Rutledge,Pike Creek,AZ,40128,22F1XPIGQW,S4P7GC7DDHAOVG13
528-36-6139,Angelica,Palmer,1996,Maywood,Athens,TX,35510,IBS852H1R8,I91REOXSDVNL3MQ9
220-35-4257,Hall,Reyes,74,Thierer,Helena,AR,35204,0T279RP340,8A2UDI3DLLGIE6LA
835-69-9385,Autumn,Britt,8092,Vidon,Tampa,VA,93545,ZEDJ2I7JOX,PPH5M9I3OREA6YHJ
248-45-4263,Daryl,Munoz,224,Mcbride,Missoula,MS,15444,6AIUGT046B,5I4L4A9GEWSJS885
862-13-2025,Ferdinand,Steele,9496,Sunbrook,Denver,NY,72103,4VUSIJ8HH5,YO21J3EE49BS5N7Z
523-45-7635,Colby,Gilbert,3707,Summer Ridge,Tulsa,RI,24882,0B17158TVV,AJR0XV885I75XND1
104-87-2641,Madeson,Cook,96582,Hooker,New Orleans,MO,59145,RAQH10T88D,XJG26WJGI4DU6G1U
879-96-6137,Chelsea,Roberts,7,Texas,Baton Rouge,VT,36158,33M9GLRSO7,L4FO0FQ5DFM9G7WU
454-92-7148,Ivan,Mccall,7654,Maryland,Fort Wayne,KS,22601,H68HRJGG7Y,BMYZZ2AQALQOLIKY
345-01-1185,Yardley,Wooten,35,Laurel,Madison,SD,99487,2KCII5AFH3,G5C0FM789RFPY2VI
627-21-7304,Judah,Douglas,8,Springview,Baltimore,VA,38364,WQY360D0B1,A7GM7XQQVXKYUS1I
449-61-4617,Natalie,May,732,Glacier Hill,Louisville,ME,31685,MH5FBU63NY,FIHGM5S2SOEQANUR
765-59-8215,Isadora,Hawkins,54494,Fallview,Flint,NC,22241,F9E31VECVG,2SHN1LQK37L9PMI6
816-18-0292,Whilemina,Hatfield,61,Jana,Naperville,RI,91895,1HB608R0EC,25D8EXGFECYXL5VR
214-78-1662,Tasha,Richardson,33,Kinsman,Rockville,ME,64237,R37WNIEHRS,9Y04RBKHV49VE1EN
747-80-3986,Desiree,Keith,8,Dahle,Cambridge,DE,72672,6V1RV5IES5,P9IF5OD1HCS6XBLS
329-19-4880,Calvin,Barlow,50,Karstens,San Jose,CO,45860,8QSV27MQAT,A3X181EX55SOAW34
617-64-5766,Ila,Hebert,3,American Ash,Eugene,TX,43381,4CQCRPJUIS,9W5J1KGO0PQX4ACW
419-13-0741,Inga,Sanders,2547,Florence,Gary,WI,42882,NHIK6EMM8S,CT51MWOYU151H58P
329-69-8155,Tashya,Lewis,1,Grasskamp,Covington,NM,15518,E1JAVVZO41,Y0T285DFEQKDMOEA
208-99-9026,Dylan,Castro,57691,Messerschmidt,Atlanta,CO,48002,C1R95W4AGA,793LMJYDTX3RTPS5
283-15-8385,Rachel,Cherry,2819,Elmside,Bangor,TN,74254,NGUCUSTW8H,HKL9OL8S4MC5EAWF
494-29-7818,Russell,Goodwin,34919,Main,West Jordan,IN,34398,5NTZGCBLVT,LUKWP2Q1Q1WLCQPB
611-42-4615,Victoria,Rocha,7,Paget,Stamford,MN,70377,OSUFPT3CH4,4N5SDKOGG3VS02ZK
331-10-2246,Christian,Mays,30415,Superior,Stamford,MD,29317,587S847K3O,8QV67I3DNWUFNYEH
869-46-0563,Doris,Donovan,79,Lunder,Jackson,CT,23699,MOCVX6DU6X,75HJ7SAOPG91M87K
241-88-1114,Britanni,Cantrell,7914,Little Fleur,Stamford,IA,81938,FN7OLXNJIU,GG8080TOML7NK0DY
438-98-8600,Rooney,Anthony,6346,Farragut,Duluth,IL,37804,S915P31UO4,5ABJST2CZ29DHP3A
377-35-2282,Stephen,Marquez,316,Fordem,San Jose,ND,85817,Y559J6DFYN,Z9Y8K2M0LI754ZGD
199-53-4767,Adara,Bird,63963,Northport,St. Petersburg,IN,99832,ARZ0TEYW2Y,JWO3UT4N7VTS9WX0
165-97-4688,Libby,Alford,25,Shasta,Metairie,WV,92059,TSL9ZNEEEZ,S8BJ4P1IPINQUCWA
567-26-2133,Indigo,Booth,854,Glendale,Huntsville,VT,48484,MHQ0ORU9DU,5ZS7YA85M6G1W3E6
279-44-4147,Hakeem,Blankenship,23,Duke,Cleveland,IL,31248,NZEN2AGMBT,INUOPG6JU7T07WUQ
505-10-6761,Cameron,Finch,4,Fuller,Montpelier,NJ,24410,XDCIE28N5O,7TBYFWA0ZZMW2VUM
731-51-4977,Bevis,Watson,6993,Aberg,Cedar Rapids,MD,44492,4BFJ61KOQU,XT0KMIJQ0W8F89CC
420-55-6463,Burke,Alston,221,Dottie,Fort Smith,SC,79228,X8R3K93S17,6KG4OV0HA8WI5UW7