HouseNo,StreetName
0,Westend
0,8th
33,Vera
62,Bunker Hill
91608,Shasta
13,Oriole
93761,Judy
137,Carioca
4,Spaight
7066,Morningstar
54,Manley
652,Sundown
06247,Carey
5,Cascade
5,Hazelcrest
93,Warbler
37,Stone Corner
9975,Russell
82688,Hoffman
173,Moland
15987,Lawn
848,Washington
67063,Hoffman
2,Marcy
584,Tennyson
595,Randy
840,Menomonie
42021,Northfield
58818,Oakridge
3969,Stang
00,Canary
8481,Forest
049,Kim
3361,Reindahl
105,Eggendart
32,Surrey
2,Dakota
1,Bellgrove
29647,Canary
9871,Mockingbird
9282,Springview
60717,Sutteridge
07603,Schlimgen
21788,Glacier Hill
850,Stang
0145,Maryland
00165,Cody
28,Westport
809,Anzinger
4865,Commercial
0070,Pawling
55,Continental
73864,Dawn
0048,Columbus
4,Armistice
5,Manufacturers
6448,Pawling
2,Algoma
449,Algoma
01,Bluejay
07025,Bluestem
5825,Toban
01,Gateway
88,Crest Line
74977,Daystar
498,Monica
7690,Carpenter
12576,Elka
71,Quincy
764,Oak Valley
8989,Manitowish
780,Straubel
6134,Anzinger
68,Warrior
6,Bay
812,Monument
17,Petterle
3,Parkside
43841,Little Fleur
8614,Prentice
80081,Tennessee
70730,Moulton
47,Southridge
42,Stone Corner
4,Redwing
2,Mallory
8004,Forest
9,Oak
4278,Pepper Wood
84,American
9851,Shelley
17,Fordem
9,Golf Course
3,Knutson
94596,Mariners Cove
9591,Alpine
383,Transport
9,Westerfield
8263,Pepper Wood
6025,Union
0846,Corben
542,Union
5879,Bunting
779,Prairie Rose
545,Marcy
9,Comanche
46929,Sauthoff
77123,Anzinger
9448,Hoard
86,Everett
2,Meadow Ridge
17436,Old Gate
314,Moulton
14,Scott
26,Summit
6,Grim
76998,Petterle
50654,Sunnyside
25,Kinsman
4160,Dapin
25783,6th
628,Shelley
9,Novick
286,Mallard
25694,Linden
0,Dayton
25749,Blackbird
01270,Service
564,Sloan
9,Quincy
46,Annamark
18,Independence
9499,Waubesa
62666,Rutledge
7,School
0,Holmberg
819,Di Loreto
44,3rd
0,Dottie
4195,Fair Oaks
7,Oakridge
0,Lotheville
2354,Hanover
106,Kensington
915,Toban
9155,Birchwood
21514,Ohio
73,Red Cloud
4,Magdeline
8,Cottonwood
79,Anthes
0835,Warbler
7,Union
9829,Sheridan
6351,Superior
352,Becker
738,Northview
55,Westerfield
41819,Parkside
9,Merchant
279,Rutledge
1996,Maywood
74,Thierer
8092,Vidon
0,Mcbride
09496,Sunbrook
3707,Summer Ridge
96582,Hooker
07,Texas
07654,Maryland
035,Laurel
8,Springview
732,Glacier Hill
54494,Fallview
61,Jana
33,Kinsman
8,Dahle
50,Karstens
3,American Ash
2547,Florence
1,Grasskamp
57691,Messerschmidt
2819,Elmside
34919,Main
7,Paget
30415,Superior
79,Lunder
7914,Little Fleur
6346,Farragut
316,Fordem
63963,Northport
25,Shasta
854,Glendale
23,Duke
04,Fuller
6993,Aberg
221,Dottie
00940,Lakewood
3715,Petterle
37281,Lakeland
